Workbook

Sheet Manufacturer Info
A1: Manufacturer/Distributor | B1: Address 1 | C1: Address 2 | D1: City | E1: State | F1: Zip | G1: Phone | H1: Company Web Site | I1: Company E-Mail Address | J1: Toll Free | K1: Clinical Support | L1: Parent Company
A2: BRISTOL-MYERS SQUIBB CO. | B2: P. O. BOX 4500 | D2: PRINCETON | E2: NJ | F2: 08543 | G2: (609) 897-2000

Sheet REDBOOKSearchResults
A1: Manufacturer/Distributor | B1: Product Name | C1: Application | D1: Deactivated Status | E1: Deactivated Date | F1: Active Ingredient | G1: Generic | H1: Repackager | I1: Orange Book Code | J1: Code Type | K1: Identifier | L1: Form | M1: Strength | N1: Route | O1: Package Size | P1: Unit Dose | Q1: WAC Package Price | R1: WAC Effective Date | S1: New WAC | T1: New WAC Effective Date | U1: AWP Package Price | V1: AWP Unit Price | W1: AWP Effective Date | X1: New AWP | Y1: New AWP Effective Date | Z1: DIRP Package Price | AA1: DIRP Effective Date | AB1: New DIRP | AC1: New DIRP Effective Date | AD1: SRP Package Price | AE1: SRP Effective Date | AF1: New SRP | AG1: New SRP Effective Date | AH1: Dea Class | AI1: Significant Omission | AJ1: Add'l Description
A2: BRISTOL-MYERS SQUIBB CO. | B2: POMALYST | C2: NDA | D2: N | F2: pomalidomide | G2: N | H2: N | J2: NDC | K2: 59572-0504-21 | L2: CAP | M2: 4 mg | N2: ORAL | O2: 21s ea | P2: N | Q2: 25049.70 | R2: 01/01/2026 | U2: 30059.64 | V2: 1431.41143 | W2: 01/01/2026 | AH2: RX
A3: BRISTOL-MYERS SQUIBB CO. | B3: POMALYST | C3: NDA | D3: N | F3: pomalidomide | G3: N | H3: N | J3: NDC | K3: 59572-0504-00 | L3: CAP | M3: 4 mg | N3: ORAL | O3: 100s ea | P3: N | Q3: 119284.25 | R3: 01/01/2026 | U3: 143141.10 | V3: 1431.41100 | W3: 01/01/2026 | AH3: RX
A4: BRISTOL-MYERS SQUIBB CO. | B4: POMALYST | C4: NDA | D4: N | F4: pomalidomide | G4: N | H4: N | J4: NDC | K4: 59572-0503-21 | L4: CAP | M4: 3 mg | N4: ORAL | O4: 21s ea | P4: N | Q4: 25049.70 | R4: 01/01/2026 | U4: 30059.64 | V4: 1431.41143 | W4: 01/01/2026 | AH4: RX
A5: BRISTOL-MYERS SQUIBB CO. | B5: POMALYST | C5: NDA | D5: N | F5: pomalidomide | G5: N | H5: N | J5: NDC | K5: 59572-0503-00 | L5: CAP | M5: 3 mg | N5: ORAL | O5: 100s ea | P5: N | Q5: 119284.25 | R5: 01/01/2026 | U5: 143141.10 | V5: 1431.41100 | W5: 01/01/2026 | AH5: RX
A6: BRISTOL-MYERS SQUIBB CO. | B6: POMALYST | C6: NDA | D6: N | F6: pomalidomide | G6: N | H6: N | J6: NDC | K6: 59572-0502-21 | L6: CAP | M6: 2 mg | N6: ORAL | O6: 21s ea | P6: N | Q6: 25049.70 | R6: 01/01/2026 | U6: 30059.64 | V6: 1431.41143 | W6: 01/01/2026 | AH6: RX
A7: BRISTOL-MYERS SQUIBB CO. | B7: POMALYST | C7: NDA | D7: N | F7: pomalidomide | G7: N | H7: N | J7: NDC | K7: 59572-0502-00 | L7: CAP | M7: 2 mg | N7: ORAL | O7: 100s ea | P7: N | Q7: 119284.25 | R7: 01/01/2026 | U7: 143141.10 | V7: 1431.41100 | W7: 01/01/2026 | AH7: RX
A8: BRISTOL-MYERS SQUIBB CO. | B8: POMALYST | C8: NDA | D8: N | F8: pomalidomide | G8: N | H8: N | J8: NDC | K8: 59572-0501-00 | L8: CAP | M8: 1 mg | N8: ORAL | O8: 100s ea | P8: N | Q8: 119284.25 | R8: 01/01/2026 | U8: 143141.10 | V8: 1431.41100 | W8: 01/01/2026 | AH8: RX
A9: BRISTOL-MYERS SQUIBB CO. | B9: POMALYST | C9: NDA | D9: N | F9: pomalidomide | G9: N | H9: N | J9: NDC | K9: 59572-0501-21 | L9: CAP | M9: 1 mg | N9: ORAL | O9: 21s ea | P9: N | Q9: 25049.70 | R9: 01/01/2026 | U9: 30059.64 | V9: 1431.41143 | W9: 01/01/2026 | AH9: RX

Sheet Sheet1
A1: =REDBOOKSearchResults!B1 -> Product Name | B1: Effective Date | C1: Unit | D1: % Change | E1: Identifier | F1: Strength | G1: Package Size
A2: =REDBOOKSearchResults!B$2 -> POMALYST | B2: 46023 | C2: 1431.4114 | D2: 4.5 | E2: 59572-0504-21 | F2: =INDEX(REDBOOKSearchResults!$A$1:$AK$100, MATCH($E2, INDEX(REDBOOKSearchResults!$A$1:$AK$100, 0, MATCH($E$1, REDBOOKSearchResults!$1:$1, 0)), 0), MATCH(F$1, REDBOOKSearchResults!$1:$1, 0)) -> 4 mg | G2: =INDEX(REDBOOKSearchResults!$A$1:$AK$100, MATCH($E2, INDEX(REDBOOKSearchResults!$A$1:$AK$100, 0, MATCH($E$1, REDBOOKSearchResults!$1:$1, 0)), 0), MATCH(G$1, REDBOOKSearchResults!$1:$1, 0)) -> 21s ea
A3: =A2 -> POMALYST | B3: 45658 | C3: 1369.7714 | D3: 4.5 | E3: =E$2 -> 59572-0504-21 | F3: =INDEX(REDBOOKSearchResults!$A$1:$AK$100, MATCH($E3, INDEX(REDBOOKSearchResults!$A$1:$AK$100, 0, MATCH($E$1, REDBOOKSearchResults!$1:$1, 0)), 0), MATCH(F$1, REDBOOKSearchResults!$1:$1, 0)) -> 4 mg | G3: =INDEX(REDBOOKSearchResults!$A$1:$AK$100, MATCH($E3, INDEX(REDBOOKSearchResults!$A$1:$AK$100, 0, MATCH($E$1, REDBOOKSearchResults!$1:$1, 0)), 0), MATCH(G$1, REDBOOKSearchResults!$1:$1, 0)) -> 21s ea
A4: =A3 -> POMALYST | B4: 45292 | C4: 1310.7862 | D4: 6 | E4: =E$2 -> 59572-0504-21 | F4: =INDEX(REDBOOKSearchResults!$A$1:$AK$100, MATCH($E4, INDEX(REDBOOKSearchResults!$A$1:$AK$100, 0, MATCH($E$1, REDBOOKSearchResults!$1:$1, 0)), 0), MATCH(F$1, REDBOOKSearchResults!$1:$1, 0)) -> 4 mg | G4: =INDEX(REDBOOKSearchResults!$A$1:$AK$100, MATCH($E4, INDEX(REDBOOKSearchResults!$A$1:$AK$100, 0, MATCH($E$1, REDBOOKSearchResults!$1:$1, 0)), 0), MATCH(G$1, REDBOOKSearchResults!$1:$1, 0)) -> 21s ea
A5: =A4 -> POMALYST | B5: 45108 | C5: 1236.591 | D5: 2.5 | E5: =E$2 -> 59572-0504-21 | F5: =INDEX(REDBOOKSearchResults!$A$1:$AK$100, MATCH($E5, INDEX(REDBOOKSearchResults!$A$1:$AK$100, 0, MATCH($E$1, REDBOOKSearchResults!$1:$1, 0)), 0), MATCH(F$1, REDBOOKSearchResults!$1:$1, 0)) -> 4 mg | G5: =INDEX(REDBOOKSearchResults!$A$1:$AK$100, MATCH($E5, INDEX(REDBOOKSearchResults!$A$1:$AK$100, 0, MATCH($E$1, REDBOOKSearchResults!$1:$1, 0)), 0), MATCH(G$1, REDBOOKSearchResults!$1:$1, 0)) -> 21s ea
A6: =A5 -> POMALYST | B6: 44927 | C6: 1206.4305 | D6: 6 | E6: =E$2 -> 59572-0504-21 | F6: =INDEX(REDBOOKSearchResults!$A$1:$AK$100, MATCH($E6, INDEX(REDBOOKSearchResults!$A$1:$AK$100, 0, MATCH($E$1, REDBOOKSearchResults!$1:$1, 0)), 0), MATCH(F$1, REDBOOKSearchResults!$1:$1, 0)) -> 4 mg | G6: =INDEX(REDBOOKSearchResults!$A$1:$AK$100, MATCH($E6, INDEX(REDBOOKSearchResults!$A$1:$AK$100, 0, MATCH($E$1, REDBOOKSearchResults!$1:$1, 0)), 0), MATCH(G$1, REDBOOKSearchResults!$1:$1, 0)) -> 21s ea
A7: =A6 -> POMALYST | B7: 44562 | C7: 1138.1419 | D7: 4.5 | E7: =E$2 -> 59572-0504-21 | F7: =INDEX(REDBOOKSearchResults!$A$1:$AK$100, MATCH($E7, INDEX(REDBOOKSearchResults!$A$1:$AK$100, 0, MATCH($E$1, REDBOOKSearchResults!$1:$1, 0)), 0), MATCH(F$1, REDBOOKSearchResults!$1:$1, 0)) -> 4 mg | G7: =INDEX(REDBOOKSearchResults!$A$1:$AK$100, MATCH($E7, INDEX(REDBOOKSearchResults!$A$1:$AK$100, 0, MATCH($E$1, REDBOOKSearchResults!$1:$1, 0)), 0), MATCH(G$1, REDBOOKSearchResults!$1:$1, 0)) -> 21s ea
A8: =A7 -> POMALYST | B8: 44197 | C8: 1089.1309 | D8: 4.5 | E8: =E$2 -> 59572-0504-21 | F8: =INDEX(REDBOOKSearchResults!$A$1:$AK$100, MATCH($E8, INDEX(REDBOOKSearchResults!$A$1:$AK$100, 0, MATCH($E$1, REDBOOKSearchResults!$1:$1, 0)), 0), MATCH(F$1, REDBOOKSearchResults!$1:$1, 0)) -> 4 mg | G8: =INDEX(REDBOOKSearchResults!$A$1:$AK$100, MATCH($E8, INDEX(REDBOOKSearchResults!$A$1:$AK$100, 0, MATCH($E$1, REDBOOKSearchResults!$1:$1, 0)), 0), MATCH(G$1, REDBOOKSearchResults!$1:$1, 0)) -> 21s ea
A9: =A8 -> POMALYST | B9: 43831 | C9: 1042.2305 | D9: 6 | E9: =E$2 -> 59572-0504-21 | F9: =INDEX(REDBOOKSearchResults!$A$1:$AK$100, MATCH($E9, INDEX(REDBOOKSearchResults!$A$1:$AK$100, 0, MATCH($E$1, REDBOOKSearchResults!$1:$1, 0)), 0), MATCH(F$1, REDBOOKSearchResults!$1:$1, 0)) -> 4 mg | G9: =INDEX(REDBOOKSearchResults!$A$1:$AK$100, MATCH($E9, INDEX(REDBOOKSearchResults!$A$1:$AK$100, 0, MATCH($E$1, REDBOOKSearchResults!$1:$1, 0)), 0), MATCH(G$1, REDBOOKSearchResults!$1:$1, 0)) -> 21s ea
A10: =A9 -> POMALYST | B10: 43468 | C10: 983.23619 | D10: 3.5 | E10: =E$2 -> 59572-0504-21 | F10: =INDEX(REDBOOKSearchResults!$A$1:$AK$100, MATCH($E10, INDEX(REDBOOKSearchResults!$A$1:$AK$100, 0, MATCH($E$1, REDBOOKSearchResults!$1:$1, 0)), 0), MATCH(F$1, REDBOOKSearchResults!$1:$1, 0)) -> 4 mg | G10: =INDEX(REDBOOKSearchResults!$A$1:$AK$100, MATCH($E10, INDEX(REDBOOKSearchResults!$A$1:$AK$100, 0, MATCH($E$1, REDBOOKSearchResults!$1:$1, 0)), 0), MATCH(G$1, REDBOOKSearchResults!$1:$1, 0)) -> 21s ea
A11: =A10 -> POMALYST | B11: 43291 | C11: 949.98619 | D11: 5 | E11: =E$2 -> 59572-0504-21 | F11: =INDEX(REDBOOKSearchResults!$A$1:$AK$100, MATCH($E11, INDEX(REDBOOKSearchResults!$A$1:$AK$100, 0, MATCH($E$1, REDBOOKSearchResults!$1:$1, 0)), 0), MATCH(F$1, REDBOOKSearchResults!$1:$1, 0)) -> 4 mg | G11: =INDEX(REDBOOKSearchResults!$A$1:$AK$100, MATCH($E11, INDEX(REDBOOKSearchResults!$A$1:$AK$100, 0, MATCH($E$1, REDBOOKSearchResults!$1:$1, 0)), 0), MATCH(G$1, REDBOOKSearchResults!$1:$1, 0)) -> 21s ea
A12: =A11 -> POMALYST | B12: 43028 | C12: 904.74857 | D12: 9 | E12: =E$2 -> 59572-0504-21 | F12: =INDEX(REDBOOKSearchResults!$A$1:$AK$100, MATCH($E12, INDEX(REDBOOKSearchResults!$A$1:$AK$100, 0, MATCH($E$1, REDBOOKSearchResults!$1:$1, 0)), 0), MATCH(F$1, REDBOOKSearchResults!$1:$1, 0)) -> 4 mg | G12: =INDEX(REDBOOKSearchResults!$A$1:$AK$100, MATCH($E12, INDEX(REDBOOKSearchResults!$A$1:$AK$100, 0, MATCH($E$1, REDBOOKSearchResults!$1:$1, 0)), 0), MATCH(G$1, REDBOOKSearchResults!$1:$1, 0)) -> 21s ea
A13: =A12 -> POMALYST | B13: 42830 | C13: 830.04476 | D13: 8 | E13: =E$2 -> 59572-0504-21 | F13: =INDEX(REDBOOKSearchResults!$A$1:$AK$100, MATCH($E13, INDEX(REDBOOKSearchResults!$A$1:$AK$100, 0, MATCH($E$1, REDBOOKSearchResults!$1:$1, 0)), 0), MATCH(F$1, REDBOOKSearchResults!$1:$1, 0)) -> 4 mg | G13: =INDEX(REDBOOKSearchResults!$A$1:$AK$100, MATCH($E13, INDEX(REDBOOKSearchResults!$A$1:$AK$100, 0, MATCH($E$1, REDBOOKSearchResults!$1:$1, 0)), 0), MATCH(G$1, REDBOOKSearchResults!$1:$1, 0)) -> 21s ea
A14: =A13 -> POMALYST | B14: 42602 | C14: 768.56 | D14: 3 | E14: =E$2 -> 59572-0504-21 | F14: =INDEX(REDBOOKSearchResults!$A$1:$AK$100, MATCH($E14, INDEX(REDBOOKSearchResults!$A$1:$AK$100, 0, MATCH($E$1, REDBOOKSearchResults!$1:$1, 0)), 0), MATCH(F$1, REDBOOKSearchResults!$1:$1, 0)) -> 4 mg | G14: =INDEX(REDBOOKSearchResults!$A$1:$AK$100, MATCH($E14, INDEX(REDBOOKSearchResults!$A$1:$AK$100, 0, MATCH($E$1, REDBOOKSearchResults!$1:$1, 0)), 0), MATCH(G$1, REDBOOKSearchResults!$1:$1, 0)) -> 21s ea
... A21: =A20 -> POMALYST | B21: 41316 | C21: 596.88 | D21: 0 | E21: =E$2 -> 59572-0504-21 | F21: =INDEX(REDBOOKSearchResults!$A$1:$AK$100, MATCH($E21, INDEX(REDBOOKSearchResults!$A$1:$AK$100, 0, MATCH($E$1, REDBOOKSearchResults!$1:$1, 0)), 0), MATCH(F$1, REDBOOKSearchResults!$1:$1, 0)) -> 4 mg | G21: =INDEX(REDBOOKSearchResults!$A$1:$AK$100, MATCH($E21, INDEX(REDBOOKSearchResults!$A$1:$AK$100, 0, MATCH($E$1, REDBOOKSearchResults!$1:$1, 0)), 0), MATCH(G$1, REDBOOKSearchResults!$1:$1, 0)) -> 21s ea
A22: =A21 -> POMALYST | B22: 46023 | C22: 1431.411 | D22: 4.5 | E22: 59572-0504-00 | F22: =INDEX(REDBOOKSearchResults!$A$1:$AK$100, MATCH($E22, INDEX(REDBOOKSearchResults!$A$1:$AK$100, 0, MATCH($E$1, REDBOOKSearchResults!$1:$1, 0)), 0), MATCH(F$1, REDBOOKSearchResults!$1:$1, 0)) -> 4 mg | G22: =INDEX(REDBOOKSearchResults!$A$1:$AK$100, MATCH($E22, INDEX(REDBOOKSearchResults!$A$1:$AK$100, 0, MATCH($E$1, REDBOOKSearchResults!$1:$1, 0)), 0), MATCH(G$1, REDBOOKSearchResults!$1:$1, 0)) -> 100s ea
A23: =A22 -> POMALYST | B23: 45658 | C23: 1369.7713 | D23: 4.5 | E23: =E$22 -> 59572-0504-00 | F23: =INDEX(REDBOOKSearchResults!$A$1:$AK$100, MATCH($E23, INDEX(REDBOOKSearchResults!$A$1:$AK$100, 0, MATCH($E$1, REDBOOKSearchResults!$1:$1, 0)), 0), MATCH(F$1, REDBOOKSearchResults!$1:$1, 0)) -> 4 mg | G23: =INDEX(REDBOOKSearchResults!$A$1:$AK$100, MATCH($E23, INDEX(REDBOOKSearchResults!$A$1:$AK$100, 0, MATCH($E$1, REDBOOKSearchResults!$1:$1, 0)), 0), MATCH(G$1, REDBOOKSearchResults!$1:$1, 0)) -> 100s ea
A24: =A23 -> POMALYST | B24: 45292 | C24: 1310.7859 | D24: 6 | E24: =E$22 -> 59572-0504-00 | F24: =INDEX(REDBOOKSearchResults!$A$1:$AK$100, MATCH($E24, INDEX(REDBOOKSearchResults!$A$1:$AK$100, 0, MATCH($E$1, REDBOOKSearchResults!$1:$1, 0)), 0), MATCH(F$1, REDBOOKSearchResults!$1:$1, 0)) -> 4 mg | G24: =INDEX(REDBOOKSearchResults!$A$1:$AK$100, MATCH($E24, INDEX(REDBOOKSearchResults!$A$1:$AK$100, 0, MATCH($E$1, REDBOOKSearchResults!$1:$1, 0)), 0), MATCH(G$1, REDBOOKSearchResults!$1:$1, 0)) -> 100s ea
A25: =A24 -> POMALYST | B25: 45108 | C25: 1236.5905 | D25: 2.5 | E25: =E$22 -> 59572-0504-00 | F25: =INDEX(REDBOOKSearchResults!$A$1:$AK$100, MATCH($E25, INDEX(REDBOOKSearchResults!$A$1:$AK$100, 0, MATCH($E$1, REDBOOKSearchResults!$1:$1, 0)), 0), MATCH(F$1, REDBOOKSearchResults!$1:$1, 0)) -> 4 mg | G25: =INDEX(REDBOOKSearchResults!$A$1:$AK$100, MATCH($E25, INDEX(REDBOOKSearchResults!$A$1:$AK$100, 0, MATCH($E$1, REDBOOKSearchResults!$1:$1, 0)), 0), MATCH(G$1, REDBOOKSearchResults!$1:$1, 0)) -> 100s ea
A26: =A25 -> POMALYST | B26: 44927 | C26: 1206.4298 | D26: 6 | E26: =E$22 -> 59572-0504-00 | F26: =INDEX(REDBOOKSearchResults!$A$1:$AK$100, MATCH($E26, INDEX(REDBOOKSearchResults!$A$1:$AK$100, 0, MATCH($E$1, REDBOOKSearchResults!$1:$1, 0)), 0), MATCH(F$1, REDBOOKSearchResults!$1:$1, 0)) -> 4 mg | G26: =INDEX(REDBOOKSearchResults!$A$1:$AK$100, MATCH($E26, INDEX(REDBOOKSearchResults!$A$1:$AK$100, 0, MATCH($E$1, REDBOOKSearchResults!$1:$1, 0)), 0), MATCH(G$1, REDBOOKSearchResults!$1:$1, 0)) -> 100s ea
A27: =A26 -> POMALYST | B27: 44562 | C27: 1138.1412 | D27: 4.5 | E27: =E$22 -> 59572-0504-00 | F27: =INDEX(REDBOOKSearchResults!$A$1:$AK$100, MATCH($E27, INDEX(REDBOOKSearchResults!$A$1:$AK$100, 0, MATCH($E$1, REDBOOKSearchResults!$1:$1, 0)), 0), MATCH(F$1, REDBOOKSearchResults!$1:$1, 0)) -> 4 mg | G27: =INDEX(REDBOOKSearchResults!$A$1:$AK$100, MATCH($E27, INDEX(REDBOOKSearchResults!$A$1:$AK$100, 0, MATCH($E$1, REDBOOKSearchResults!$1:$1, 0)), 0), MATCH(G$1, REDBOOKSearchResults!$1:$1, 0)) -> 100s ea
A28: =A27 -> POMALYST | B28: 44197 | C28: 1089.1303 | D28: 4.5 | E28: =E$22 -> 59572-0504-00 | F28: =INDEX(REDBOOKSearchResults!$A$1:$AK$100, MATCH($E28, INDEX(REDBOOKSearchResults!$A$1:$AK$100, 0, MATCH($E$1, REDBOOKSearchResults!$1:$1, 0)), 0), MATCH(F$1, REDBOOKSearchResults!$1:$1, 0)) -> 4 mg | G28: =INDEX(REDBOOKSearchResults!$A$1:$AK$100, MATCH($E28, INDEX(REDBOOKSearchResults!$A$1:$AK$100, 0, MATCH($E$1, REDBOOKSearchResults!$1:$1, 0)), 0), MATCH(G$1, REDBOOKSearchResults!$1:$1, 0)) -> 100s ea
A29: =A28 -> POMALYST | B29: 43831 | C29: 1042.23 | D29: 6 | E29: =E$22 -> 59572-0504-00 | F29: =INDEX(REDBOOKSearchResults!$A$1:$AK$100, MATCH($E29, INDEX(REDBOOKSearchResults!$A$1:$AK$100, 0, MATCH($E$1, REDBOOKSearchResults!$1:$1, 0)), 0), MATCH(F$1, REDBOOKSearchResults!$1:$1, 0)) -> 4 mg | G29: =INDEX(REDBOOKSearchResults!$A$1:$AK$100, MATCH($E29, INDEX(REDBOOKSearchResults!$A$1:$AK$100, 0, MATCH($E$1, REDBOOKSearchResults!$1:$1, 0)), 0), MATCH(G$1, REDBOOKSearchResults!$1:$1, 0)) -> 100s ea
A30: =A29 -> POMALYST | B30: 43468 | C30: 983.2359 | D30: 3.5 | E30: =E$22 -> 59572-0504-00 | F30: =INDEX(REDBOOKSearchResults!$A$1:$AK$100, MATCH($E30, INDEX(REDBOOKSearchResults!$A$1:$AK$100, 0, MATCH($E$1, REDBOOKSearchResults!$1:$1, 0)), 0), MATCH(F$1, REDBOOKSearchResults!$1:$1, 0)) -> 4 mg | G30: =INDEX(REDBOOKSearchResults!$A$1:$AK$100, MATCH($E30, INDEX(REDBOOKSearchResults!$A$1:$AK$100, 0, MATCH($E$1, REDBOOKSearchResults!$1:$1, 0)), 0), MATCH(G$1, REDBOOKSearchResults!$1:$1, 0)) -> 100s ea
A31: =A30 -> POMALYST | B31: 43291 | C31: 949.9864 | D31: 5 | E31: =E$22 -> 59572-0504-00 | F31: =INDEX(REDBOOKSearchResults!$A$1:$AK$100, MATCH($E31, INDEX(REDBOOKSearchResults!$A$1:$AK$100, 0, MATCH($E$1, REDBOOKSearchResults!$1:$1, 0)), 0), MATCH(F$1, REDBOOKSearchResults!$1:$1, 0)) -> 4 mg | G31: =INDEX(REDBOOKSearchResults!$A$1:$AK$100, MATCH($E31, INDEX(REDBOOKSearchResults!$A$1:$AK$100, 0, MATCH($E$1, REDBOOKSearchResults!$1:$1, 0)), 0), MATCH(G$1, REDBOOKSearchResults!$1:$1, 0)) -> 100s ea
A32: =A31 -> POMALYST | B32: 43028 | C32: 904.7489 | D32: 9 | E32: =E$22 -> 59572-0504-00 | F32: =INDEX(REDBOOKSearchResults!$A$1:$AK$100, MATCH($E32, INDEX(REDBOOKSearchResults!$A$1:$AK$100, 0, MATCH($E$1, REDBOOKSearchResults!$1:$1, 0)), 0), MATCH(F$1, REDBOOKSearchResults!$1:$1, 0)) -> 4 mg | G32: =INDEX(REDBOOKSearchResults!$A$1:$AK$100, MATCH($E32, INDEX(REDBOOKSearchResults!$A$1:$AK$100, 0, MATCH($E$1, REDBOOKSearchResults!$1:$1, 0)), 0), MATCH(G$1, REDBOOKSearchResults!$1:$1, 0)) -> 100s ea
A33: =A32 -> POMALYST | B33: 42830 | C33: 830.0448 | D33: 8 | E33: =E$22 -> 59572-0504-00 | F33: =INDEX(REDBOOKSearchResults!$A$1:$AK$100, MATCH($E33, INDEX(REDBOOKSearchResults!$A$1:$AK$100, 0, MATCH($E$1, REDBOOKSearchResults!$1:$1, 0)), 0), MATCH(F$1, REDBOOKSearchResults!$1:$1, 0)) -> 4 mg | G33: =INDEX(REDBOOKSearchResults!$A$1:$AK$100, MATCH($E33, INDEX(REDBOOKSearchResults!$A$1:$AK$100, 0, MATCH($E$1, REDBOOKSearchResults!$1:$1, 0)), 0), MATCH(G$1, REDBOOKSearchResults!$1:$1, 0)) -> 100s ea
A34: =A33 -> POMALYST | B34: 42602 | C34: 768.5601 | D34: 3 | E34: =E$22 -> 59572-0504-00 | F34: =INDEX(REDBOOKSearchResults!$A$1:$AK$100, MATCH($E34, INDEX(REDBOOKSearchResults!$A$1:$AK$100, 0, MATCH($E$1, REDBOOKSearchResults!$1:$1, 0)), 0), MATCH(F$1, REDBOOKSearchResults!$1:$1, 0)) -> 4 mg | G34: =INDEX(REDBOOKSearchResults!$A$1:$AK$100, MATCH($E34, INDEX(REDBOOKSearchResults!$A$1:$AK$100, 0, MATCH($E$1, REDBOOKSearchResults!$1:$1, 0)), 0), MATCH(G$1, REDBOOKSearchResults!$1:$1, 0)) -> 100s ea
... A41: =A40 -> POMALYST | B41: 41316 | C41: 596.88 | D41: 0 | E41: =E$22 -> 59572-0504-00 | F41: =INDEX(REDBOOKSearchResults!$A$1:$AK$100, MATCH($E41, INDEX(REDBOOKSearchResults!$A$1:$AK$100, 0, MATCH($E$1, REDBOOKSearchResults!$1:$1, 0)), 0), MATCH(F$1, REDBOOKSearchResults!$1:$1, 0)) -> 4 mg | G41: =INDEX(REDBOOKSearchResults!$A$1:$AK$100, MATCH($E41, INDEX(REDBOOKSearchResults!$A$1:$AK$100, 0, MATCH($E$1, REDBOOKSearchResults!$1:$1, 0)), 0), MATCH(G$1, REDBOOKSearchResults!$1:$1, 0)) -> 100s ea
A42: =A41 -> POMALYST | B42: 46023 | C42: 1431.4114 | D42: 4.5 | E42: 59572-0503-21 | F42: =INDEX(REDBOOKSearchResults!$A$1:$AK$100, MATCH($E42, INDEX(REDBOOKSearchResults!$A$1:$AK$100, 0, MATCH($E$1, REDBOOKSearchResults!$1:$1, 0)), 0), MATCH(F$1, REDBOOKSearchResults!$1:$1, 0)) -> 3 mg | G42: =INDEX(REDBOOKSearchResults!$A$1:$AK$100, MATCH($E42, INDEX(REDBOOKSearchResults!$A$1:$AK$100, 0, MATCH($E$1, REDBOOKSearchResults!$1:$1, 0)), 0), MATCH(G$1, REDBOOKSearchResults!$1:$1, 0)) -> 21s ea
A43: =A42 -> POMALYST | B43: 45658 | C43: 1369.7714 | D43: 4.5 | E43: =E$42 -> 59572-0503-21 | F43: =INDEX(REDBOOKSearchResults!$A$1:$AK$100, MATCH($E43, INDEX(REDBOOKSearchResults!$A$1:$AK$100, 0, MATCH($E$1, REDBOOKSearchResults!$1:$1, 0)), 0), MATCH(F$1, REDBOOKSearchResults!$1:$1, 0)) -> 3 mg | G43: =INDEX(REDBOOKSearchResults!$A$1:$AK$100, MATCH($E43, INDEX(REDBOOKSearchResults!$A$1:$AK$100, 0, MATCH($E$1, REDBOOKSearchResults!$1:$1, 0)), 0), MATCH(G$1, REDBOOKSearchResults!$1:$1, 0)) -> 21s ea
A44: =A43 -> POMALYST | B44: 45292 | C44: 1310.7862 | D44: 6 | E44: =E$42 -> 59572-0503-21 | F44: =INDEX(REDBOOKSearchResults!$A$1:$AK$100, MATCH($E44, INDEX(REDBOOKSearchResults!$A$1:$AK$100, 0, MATCH($E$1, REDBOOKSearchResults!$1:$1, 0)), 0), MATCH(F$1, REDBOOKSearchResults!$1:$1, 0)) -> 3 mg | G44: =INDEX(REDBOOKSearchResults!$A$1:$AK$100, MATCH($E44, INDEX(REDBOOKSearchResults!$A$1:$AK$100, 0, MATCH($E$1, REDBOOKSearchResults!$1:$1, 0)), 0), MATCH(G$1, REDBOOKSearchResults!$1:$1, 0)) -> 21s ea
A45: =A44 -> POMALYST | B45: 45108 | C45: 1236.591 | D45: 2.5 | E45: =E$42 -> 59572-0503-21 | F45: =INDEX(REDBOOKSearchResults!$A$1:$AK$100, MATCH($E45, INDEX(REDBOOKSearchResults!$A$1:$AK$100, 0, MATCH($E$1, REDBOOKSearchResults!$1:$1, 0)), 0), MATCH(F$1, REDBOOKSearchResults!$1:$1, 0)) -> 3 mg | G45: =INDEX(REDBOOKSearchResults!$A$1:$AK$100, MATCH($E45, INDEX(REDBOOKSearchResults!$A$1:$AK$100, 0, MATCH($E$1, REDBOOKSearchResults!$1:$1, 0)), 0), MATCH(G$1, REDBOOKSearchResults!$1:$1, 0)) -> 21s ea
A46: =A45 -> POMALYST | B46: 44927 | C46: 1206.4305 | D46: 6 | E46: =E$42 -> 59572-0503-21 | F46: =INDEX(REDBOOKSearchResults!$A$1:$AK$100, MATCH($E46, INDEX(REDBOOKSearchResults!$A$1:$AK$100, 0, MATCH($E$1, REDBOOKSearchResults!$1:$1, 0)), 0), MATCH(F$1, REDBOOKSearchResults!$1:$1, 0)) -> 3 mg | G46: =INDEX(REDBOOKSearchResults!$A$1:$AK$100, MATCH($E46, INDEX(REDBOOKSearchResults!$A$1:$AK$100, 0, MATCH($E$1, REDBOOKSearchResults!$1:$1, 0)), 0), MATCH(G$1, REDBOOKSearchResults!$1:$1, 0)) -> 21s ea
A47: =A46 -> POMALYST | B47: 44562 | C47: 1138.1419 | D47: 4.5 | E47: =E$42 -> 59572-0503-21 | F47: =INDEX(REDBOOKSearchResults!$A$1:$AK$100, MATCH($E47, INDEX(REDBOOKSearchResults!$A$1:$AK$100, 0, MATCH($E$1, REDBOOKSearchResults!$1:$1, 0)), 0), MATCH(F$1, REDBOOKSearchResults!$1:$1, 0)) -> 3 mg | G47: =INDEX(REDBOOKSearchResults!$A$1:$AK$100, MATCH($E47, INDEX(REDBOOKSearchResults!$A$1:$AK$100, 0, MATCH($E$1, REDBOOKSearchResults!$1:$1, 0)), 0), MATCH(G$1, REDBOOKSearchResults!$1:$1, 0)) -> 21s ea
A48: =A47 -> POMALYST | B48: 44197 | C48: 1089.1309 | D48: 4.5 | E48: =E$42 -> 59572-0503-21 | F48: =INDEX(REDBOOKSearchResults!$A$1:$AK$100, MATCH($E48, INDEX(REDBOOKSearchResults!$A$1:$AK$100, 0, MATCH($E$1, REDBOOKSearchResults!$1:$1, 0)), 0), MATCH(F$1, REDBOOKSearchResults!$1:$1, 0)) -> 3 mg | G48: =INDEX(REDBOOKSearchResults!$A$1:$AK$100, MATCH($E48, INDEX(REDBOOKSearchResults!$A$1:$AK$100, 0, MATCH($E$1, REDBOOKSearchResults!$1:$1, 0)), 0), MATCH(G$1, REDBOOKSearchResults!$1:$1, 0)) -> 21s ea
A49: =A48 -> POMALYST | B49: 43831 | C49: 1042.2305 | D49: 6 | E49: =E$42 -> 59572-0503-21 | F49: =INDEX(REDBOOKSearchResults!$A$1:$AK$100, MATCH($E49, INDEX(REDBOOKSearchResults!$A$1:$AK$100, 0, MATCH($E$1, REDBOOKSearchResults!$1:$1, 0)), 0), MATCH(F$1, REDBOOKSearchResults!$1:$1, 0)) -> 3 mg | G49: =INDEX(REDBOOKSearchResults!$A$1:$AK$100, MATCH($E49, INDEX(REDBOOKSearchResults!$A$1:$AK$100, 0, MATCH($E$1, REDBOOKSearchResults!$1:$1, 0)), 0), MATCH(G$1, REDBOOKSearchResults!$1:$1, 0)) -> 21s ea
A50: =A49 -> POMALYST | B50: 43468 | C50: 983.23619 | D50: 3.5 | E50: =E$42 -> 59572-0503-21 | F50: =INDEX(REDBOOKSearchResults!$A$1:$AK$100, MATCH($E50, INDEX(REDBOOKSearchResults!$A$1:$AK$100, 0, MATCH($E$1, REDBOOKSearchResults!$1:$1, 0)), 0), MATCH(F$1, REDBOOKSearchResults!$1:$1, 0)) -> 3 mg | G50: =INDEX(REDBOOKSearchResults!$A$1:$AK$100, MATCH($E50, INDEX(REDBOOKSearchResults!$A$1:$AK$100, 0, MATCH($E$1, REDBOOKSearchResults!$1:$1, 0)), 0), MATCH(G$1, REDBOOKSearchResults!$1:$1, 0)) -> 21s ea
A51: =A50 -> POMALYST | B51: 43291 | C51: 949.98619 | D51: 5 | E51: =E$42 -> 59572-0503-21 | F51: =INDEX(REDBOOKSearchResults!$A$1:$AK$100, MATCH($E51, INDEX(REDBOOKSearchResults!$A$1:$AK$100, 0, MATCH($E$1, REDBOOKSearchResults!$1:$1, 0)), 0), MATCH(F$1, REDBOOKSearchResults!$1:$1, 0)) -> 3 mg | G51: =INDEX(REDBOOKSearchResults!$A$1:$AK$100, MATCH($E51, INDEX(REDBOOKSearchResults!$A$1:$AK$100, 0, MATCH($E$1, REDBOOKSearchResults!$1:$1, 0)), 0), MATCH(G$1, REDBOOKSearchResults!$1:$1, 0)) -> 21s ea
A52: =A51 -> POMALYST | B52: 43028 | C52: 904.74857 | D52: 9 | E52: =E$42 -> 59572-0503-21 | F52: =INDEX(REDBOOKSearchResults!$A$1:$AK$100, MATCH($E52, INDEX(REDBOOKSearchResults!$A$1:$AK$100, 0, MATCH($E$1, REDBOOKSearchResults!$1:$1, 0)), 0), MATCH(F$1, REDBOOKSearchResults!$1:$1, 0)) -> 3 mg | G52: =INDEX(REDBOOKSearchResults!$A$1:$AK$100, MATCH($E52, INDEX(REDBOOKSearchResults!$A$1:$AK$100, 0, MATCH($E$1, REDBOOKSearchResults!$1:$1, 0)), 0), MATCH(G$1, REDBOOKSearchResults!$1:$1, 0)) -> 21s ea
A53: =A52 -> POMALYST | B53: 42830 | C53: 830.04476 | D53: 8 | E53: =E$42 -> 59572-0503-21 | F53: =INDEX(REDBOOKSearchResults!$A$1:$AK$100, MATCH($E53, INDEX(REDBOOKSearchResults!$A$1:$AK$100, 0, MATCH($E$1, REDBOOKSearchResults!$1:$1, 0)), 0), MATCH(F$1, REDBOOKSearchResults!$1:$1, 0)) -> 3 mg | G53: =INDEX(REDBOOKSearchResults!$A$1:$AK$100, MATCH($E53, INDEX(REDBOOKSearchResults!$A$1:$AK$100, 0, MATCH($E$1, REDBOOKSearchResults!$1:$1, 0)), 0), MATCH(G$1, REDBOOKSearchResults!$1:$1, 0)) -> 21s ea
A54: =A53 -> POMALYST | B54: 42602 | C54: 768.56 | D54: 3 | E54: =E$42 -> 59572-0503-21 | F54: =INDEX(REDBOOKSearchResults!$A$1:$AK$100, MATCH($E54, INDEX(REDBOOKSearchResults!$A$1:$AK$100, 0, MATCH($E$1, REDBOOKSearchResults!$1:$1, 0)), 0), MATCH(F$1, REDBOOKSearchResults!$1:$1, 0)) -> 3 mg | G54: =INDEX(REDBOOKSearchResults!$A$1:$AK$100, MATCH($E54, INDEX(REDBOOKSearchResults!$A$1:$AK$100, 0, MATCH($E$1, REDBOOKSearchResults!$1:$1, 0)), 0), MATCH(G$1, REDBOOKSearchResults!$1:$1, 0)) -> 21s ea
... A61: =A60 -> POMALYST | B61: 41316 | C61: 596.88 | D61: 0 | E61: =E$42 -> 59572-0503-21 | F61: =INDEX(REDBOOKSearchResults!$A$1:$AK$100, MATCH($E61, INDEX(REDBOOKSearchResults!$A$1:$AK$100, 0, MATCH($E$1, REDBOOKSearchResults!$1:$1, 0)), 0), MATCH(F$1, REDBOOKSearchResults!$1:$1, 0)) -> 3 mg | G61: =INDEX(REDBOOKSearchResults!$A$1:$AK$100, MATCH($E61, INDEX(REDBOOKSearchResults!$A$1:$AK$100, 0, MATCH($E$1, REDBOOKSearchResults!$1:$1, 0)), 0), MATCH(G$1, REDBOOKSearchResults!$1:$1, 0)) -> 21s ea
A62: =A61 -> POMALYST | B62: 46023 | C62: 1431.411 | D62: 4.5 | E62: 59572-0503-00 | F62: =INDEX(REDBOOKSearchResults!$A$1:$AK$100, MATCH($E62, INDEX(REDBOOKSearchResults!$A$1:$AK$100, 0, MATCH($E$1, REDBOOKSearchResults!$1:$1, 0)), 0), MATCH(F$1, REDBOOKSearchResults!$1:$1, 0)) -> 3 mg | G62: =INDEX(REDBOOKSearchResults!$A$1:$AK$100, MATCH($E62, INDEX(REDBOOKSearchResults!$A$1:$AK$100, 0, MATCH($E$1, REDBOOKSearchResults!$1:$1, 0)), 0), MATCH(G$1, REDBOOKSearchResults!$1:$1, 0)) -> 100s ea
A63: =A62 -> POMALYST | B63: 45658 | C63: 1369.7713 | D63: 4.5 | E63: =E$62 -> 59572-0503-00 | F63: =INDEX(REDBOOKSearchResults!$A$1:$AK$100, MATCH($E63, INDEX(REDBOOKSearchResults!$A$1:$AK$100, 0, MATCH($E$1, REDBOOKSearchResults!$1:$1, 0)), 0), MATCH(F$1, REDBOOKSearchResults!$1:$1, 0)) -> 3 mg | G63: =INDEX(REDBOOKSearchResults!$A$1:$AK$100, MATCH($E63, INDEX(REDBOOKSearchResults!$A$1:$AK$100, 0, MATCH($E$1, REDBOOKSearchResults!$1:$1, 0)), 0), MATCH(G$1, REDBOOKSearchResults!$1:$1, 0)) -> 100s ea
A64: =A63 -> POMALYST | B64: 45292 | C64: 1310.7859 | D64: 6 | E64: =E$62 -> 59572-0503-00 | F64: =INDEX(REDBOOKSearchResults!$A$1:$AK$100, MATCH($E64, INDEX(REDBOOKSearchResults!$A$1:$AK$100, 0, MATCH($E$1, REDBOOKSearchResults!$1:$1, 0)), 0), MATCH(F$1, REDBOOKSearchResults!$1:$1, 0)) -> 3 mg | G64: =INDEX(REDBOOKSearchResults!$A$1:$AK$100, MATCH($E64, INDEX(REDBOOKSearchResults!$A$1:$AK$100, 0, MATCH($E$1, REDBOOKSearchResults!$1:$1, 0)), 0), MATCH(G$1, REDBOOKSearchResults!$1:$1, 0)) -> 100s ea
A65: =A64 -> POMALYST | B65: 45108 | C65: 1236.5905 | D65: 2.5 | E65: =E$62 -> 59572-0503-00 | F65: =INDEX(REDBOOKSearchResults!$A$1:$AK$100, MATCH($E65, INDEX(REDBOOKSearchResults!$A$1:$AK$100, 0, MATCH($E$1, REDBOOKSearchResults!$1:$1, 0)), 0), MATCH(F$1, REDBOOKSearchResults!$1:$1, 0)) -> 3 mg | G65: =INDEX(REDBOOKSearchResults!$A$1:$AK$100, MATCH($E65, INDEX(REDBOOKSearchResults!$A$1:$AK$100, 0, MATCH($E$1, REDBOOKSearchResults!$1:$1, 0)), 0), MATCH(G$1, REDBOOKSearchResults!$1:$1, 0)) -> 100s ea
A66: =A65 -> POMALYST | B66: 44927 | C66: 1206.4298 | D66: 6 | E66: =E$62 -> 59572-0503-00 | F66: =INDEX(REDBOOKSearchResults!$A$1:$AK$100, MATCH($E66, INDEX(REDBOOKSearchResults!$A$1:$AK$100, 0, MATCH($E$1, REDBOOKSearchResults!$1:$1, 0)), 0), MATCH(F$1, REDBOOKSearchResults!$1:$1, 0)) -> 3 mg | G66: =INDEX(REDBOOKSearchResults!$A$1:$AK$100, MATCH($E66, INDEX(REDBOOKSearchResults!$A$1:$AK$100, 0, MATCH($E$1, REDBOOKSearchResults!$1:$1, 0)), 0), MATCH(G$1, REDBOOKSearchResults!$1:$1, 0)) -> 100s ea
A67: =A66 -> POMALYST | B67: 44562 | C67: 1138.1412 | D67: 4.5 | E67: =E$62 -> 59572-0503-00 | F67: =INDEX(REDBOOKSearchResults!$A$1:$AK$100, MATCH($E67, INDEX(REDBOOKSearchResults!$A$1:$AK$100, 0, MATCH($E$1, REDBOOKSearchResults!$1:$1, 0)), 0), MATCH(F$1, REDBOOKSearchResults!$1:$1, 0)) -> 3 mg | G67: =INDEX(REDBOOKSearchResults!$A$1:$AK$100, MATCH($E67, INDEX(REDBOOKSearchResults!$A$1:$AK$100, 0, MATCH($E$1, REDBOOKSearchResults!$1:$1, 0)), 0), MATCH(G$1, REDBOOKSearchResults!$1:$1, 0)) -> 100s ea
A68: =A67 -> POMALYST | B68: 44197 | C68: 1089.1303 | D68: 4.5 | E68: =E$62 -> 59572-0503-00 | F68: =INDEX(REDBOOKSearchResults!$A$1:$AK$100, MATCH($E68, INDEX(REDBOOKSearchResults!$A$1:$AK$100, 0, MATCH($E$1, REDBOOKSearchResults!$1:$1, 0)), 0), MATCH(F$1, REDBOOKSearchResults!$1:$1, 0)) -> 3 mg | G68: =INDEX(REDBOOKSearchResults!$A$1:$AK$100, MATCH($E68, INDEX(REDBOOKSearchResults!$A$1:$AK$100, 0, MATCH($E$1, REDBOOKSearchResults!$1:$1, 0)), 0), MATCH(G$1, REDBOOKSearchResults!$1:$1, 0)) -> 100s ea
A69: =A68 -> POMALYST | B69: 43831 | C69: 1042.23 | D69: 6 | E69: =E$62 -> 59572-0503-00 | F69: =INDEX(REDBOOKSearchResults!$A$1:$AK$100, MATCH($E69, INDEX(REDBOOKSearchResults!$A$1:$AK$100, 0, MATCH($E$1, REDBOOKSearchResults!$1:$1, 0)), 0), MATCH(F$1, REDBOOKSearchResults!$1:$1, 0)) -> 3 mg | G69: =INDEX(REDBOOKSearchResults!$A$1:$AK$100, MATCH($E69, INDEX(REDBOOKSearchResults!$A$1:$AK$100, 0, MATCH($E$1, REDBOOKSearchResults!$1:$1, 0)), 0), MATCH(G$1, REDBOOKSearchResults!$1:$1, 0)) -> 100s ea
A70: =A69 -> POMALYST | B70: 43468 | C70: 983.2359 | D70: 3.5 | E70: =E$62 -> 59572-0503-00 | F70: =INDEX(REDBOOKSearchResults!$A$1:$AK$100, MATCH($E70, INDEX(REDBOOKSearchResults!$A$1:$AK$100, 0, MATCH($E$1, REDBOOKSearchResults!$1:$1, 0)), 0), MATCH(F$1, REDBOOKSearchResults!$1:$1, 0)) -> 3 mg | G70: =INDEX(REDBOOKSearchResults!$A$1:$AK$100, MATCH($E70, INDEX(REDBOOKSearchResults!$A$1:$AK$100, 0, MATCH($E$1, REDBOOKSearchResults!$1:$1, 0)), 0), MATCH(G$1, REDBOOKSearchResults!$1:$1, 0)) -> 100s ea
A71: =A70 -> POMALYST | B71: 43291 | C71: 949.9864 | D71: 5 | E71: =E$62 -> 59572-0503-00 | F71: =INDEX(REDBOOKSearchResults!$A$1:$AK$100, MATCH($E71, INDEX(REDBOOKSearchResults!$A$1:$AK$100, 0, MATCH($E$1, REDBOOKSearchResults!$1:$1, 0)), 0), MATCH(F$1, REDBOOKSearchResults!$1:$1, 0)) -> 3 mg | G71: =INDEX(REDBOOKSearchResults!$A$1:$AK$100, MATCH($E71, INDEX(REDBOOKSearchResults!$A$1:$AK$100, 0, MATCH($E$1, REDBOOKSearchResults!$1:$1, 0)), 0), MATCH(G$1, REDBOOKSearchResults!$1:$1, 0)) -> 100s ea
A72: =A71 -> POMALYST | B72: 43028 | C72: 904.7489 | D72: 9 | E72: =E$62 -> 59572-0503-00 | F72: =INDEX(REDBOOKSearchResults!$A$1:$AK$100, MATCH($E72, INDEX(REDBOOKSearchResults!$A$1:$AK$100, 0, MATCH($E$1, REDBOOKSearchResults!$1:$1, 0)), 0), MATCH(F$1, REDBOOKSearchResults!$1:$1, 0)) -> 3 mg | G72: =INDEX(REDBOOKSearchResults!$A$1:$AK$100, MATCH($E72, INDEX(REDBOOKSearchResults!$A$1:$AK$100, 0, MATCH($E$1, REDBOOKSearchResults!$1:$1, 0)), 0), MATCH(G$1, REDBOOKSearchResults!$1:$1, 0)) -> 100s ea
A73: =A72 -> POMALYST | B73: 42830 | C73: 830.0448 | D73: 8 | E73: =E$62 -> 59572-0503-00 | F73: =INDEX(REDBOOKSearchResults!$A$1:$AK$100, MATCH($E73, INDEX(REDBOOKSearchResults!$A$1:$AK$100, 0, MATCH($E$1, REDBOOKSearchResults!$1:$1, 0)), 0), MATCH(F$1, REDBOOKSearchResults!$1:$1, 0)) -> 3 mg | G73: =INDEX(REDBOOKSearchResults!$A$1:$AK$100, MATCH($E73, INDEX(REDBOOKSearchResults!$A$1:$AK$100, 0, MATCH($E$1, REDBOOKSearchResults!$1:$1, 0)), 0), MATCH(G$1, REDBOOKSearchResults!$1:$1, 0)) -> 100s ea
A74: =A73 -> POMALYST | B74: 42602 | C74: 768.5601 | D74: 3 | E74: =E$62 -> 59572-0503-00 | F74: =INDEX(REDBOOKSearchResults!$A$1:$AK$100, MATCH($E74, INDEX(REDBOOKSearchResults!$A$1:$AK$100, 0, MATCH($E$1, REDBOOKSearchResults!$1:$1, 0)), 0), MATCH(F$1, REDBOOKSearchResults!$1:$1, 0)) -> 3 mg | G74: =INDEX(REDBOOKSearchResults!$A$1:$AK$100, MATCH($E74, INDEX(REDBOOKSearchResults!$A$1:$AK$100, 0, MATCH($E$1, REDBOOKSearchResults!$1:$1, 0)), 0), MATCH(G$1, REDBOOKSearchResults!$1:$1, 0)) -> 100s ea
... A81: =A80 -> POMALYST | B81: 41316 | C81: 596.88 | D81: 0 | E81: =E$62 -> 59572-0503-00 | F81: =INDEX(REDBOOKSearchResults!$A$1:$AK$100, MATCH($E81, INDEX(REDBOOKSearchResults!$A$1:$AK$100, 0, MATCH($E$1, REDBOOKSearchResults!$1:$1, 0)), 0), MATCH(F$1, REDBOOKSearchResults!$1:$1, 0)) -> 3 mg | G81: =INDEX(REDBOOKSearchResults!$A$1:$AK$100, MATCH($E81, INDEX(REDBOOKSearchResults!$A$1:$AK$100, 0, MATCH($E$1, REDBOOKSearchResults!$1:$1, 0)), 0), MATCH(G$1, REDBOOKSearchResults!$1:$1, 0)) -> 100s ea
A82: =A81 -> POMALYST | B82: 46023 | C82: 1431.4114 | D82: 4.5 | E82: 59572-0502-21 | F82: =INDEX(REDBOOKSearchResults!$A$1:$AK$100, MATCH($E82, INDEX(REDBOOKSearchResults!$A$1:$AK$100, 0, MATCH($E$1, REDBOOKSearchResults!$1:$1, 0)), 0), MATCH(F$1, REDBOOKSearchResults!$1:$1, 0)) -> 2 mg | G82: =INDEX(REDBOOKSearchResults!$A$1:$AK$100, MATCH($E82, INDEX(REDBOOKSearchResults!$A$1:$AK$100, 0, MATCH($E$1, REDBOOKSearchResults!$1:$1, 0)), 0), MATCH(G$1, REDBOOKSearchResults!$1:$1, 0)) -> 21s ea
A83: =A82 -> POMALYST | B83: 45658 | C83: 1369.7714 | D83: 4.5 | E83: =E82 -> 59572-0502-21 | F83: =INDEX(REDBOOKSearchResults!$A$1:$AK$100, MATCH($E83, INDEX(REDBOOKSearchResults!$A$1:$AK$100, 0, MATCH($E$1, REDBOOKSearchResults!$1:$1, 0)), 0), MATCH(F$1, REDBOOKSearchResults!$1:$1, 0)) -> 2 mg | G83: =INDEX(REDBOOKSearchResults!$A$1:$AK$100, MATCH($E83, INDEX(REDBOOKSearchResults!$A$1:$AK$100, 0, MATCH($E$1, REDBOOKSearchResults!$1:$1, 0)), 0), MATCH(G$1, REDBOOKSearchResults!$1:$1, 0)) -> 21s ea
A84: =A83 -> POMALYST | B84: 45292 | C84: 1310.7862 | D84: 6 | E84: =E83 -> 59572-0502-21 | F84: =INDEX(REDBOOKSearchResults!$A$1:$AK$100, MATCH($E84, INDEX(REDBOOKSearchResults!$A$1:$AK$100, 0, MATCH($E$1, REDBOOKSearchResults!$1:$1, 0)), 0), MATCH(F$1, REDBOOKSearchResults!$1:$1, 0)) -> 2 mg | G84: =INDEX(REDBOOKSearchResults!$A$1:$AK$100, MATCH($E84, INDEX(REDBOOKSearchResults!$A$1:$AK$100, 0, MATCH($E$1, REDBOOKSearchResults!$1:$1, 0)), 0), MATCH(G$1, REDBOOKSearchResults!$1:$1, 0)) -> 21s ea
A85: =A84 -> POMALYST | B85: 45108 | C85: 1236.5781 | D85: 2.5 | E85: =E84 -> 59572-0502-21 | F85: =INDEX(REDBOOKSearchResults!$A$1:$AK$100, MATCH($E85, INDEX(REDBOOKSearchResults!$A$1:$AK$100, 0, MATCH($E$1, REDBOOKSearchResults!$1:$1, 0)), 0), MATCH(F$1, REDBOOKSearchResults!$1:$1, 0)) -> 2 mg | G85: =INDEX(REDBOOKSearchResults!$A$1:$AK$100, MATCH($E85, INDEX(REDBOOKSearchResults!$A$1:$AK$100, 0, MATCH($E$1, REDBOOKSearchResults!$1:$1, 0)), 0), MATCH(G$1, REDBOOKSearchResults!$1:$1, 0)) -> 21s ea
A86: =A85 -> POMALYST | B86: 44927 | C86: 1206.4305 | D86: 6 | E86: =E85 -> 59572-0502-21 | F86: =INDEX(REDBOOKSearchResults!$A$1:$AK$100, MATCH($E86, INDEX(REDBOOKSearchResults!$A$1:$AK$100, 0, MATCH($E$1, REDBOOKSearchResults!$1:$1, 0)), 0), MATCH(F$1, REDBOOKSearchResults!$1:$1, 0)) -> 2 mg | G86: =INDEX(REDBOOKSearchResults!$A$1:$AK$100, MATCH($E86, INDEX(REDBOOKSearchResults!$A$1:$AK$100, 0, MATCH($E$1, REDBOOKSearchResults!$1:$1, 0)), 0), MATCH(G$1, REDBOOKSearchResults!$1:$1, 0)) -> 21s ea
A87: =A86 -> POMALYST | B87: 44562 | C87: 1138.1419 | D87: 4.5 | E87: =E86 -> 59572-0502-21 | F87: =INDEX(REDBOOKSearchResults!$A$1:$AK$100, MATCH($E87, INDEX(REDBOOKSearchResults!$A$1:$AK$100, 0, MATCH($E$1, REDBOOKSearchResults!$1:$1, 0)), 0), MATCH(F$1, REDBOOKSearchResults!$1:$1, 0)) -> 2 mg | G87: =INDEX(REDBOOKSearchResults!$A$1:$AK$100, MATCH($E87, INDEX(REDBOOKSearchResults!$A$1:$AK$100, 0, MATCH($E$1, REDBOOKSearchResults!$1:$1, 0)), 0), MATCH(G$1, REDBOOKSearchResults!$1:$1, 0)) -> 21s ea
A88: =A87 -> POMALYST | B88: 44197 | C88: 1089.1309 | D88: 4.5 | E88: =E87 -> 59572-0502-21 | F88: =INDEX(REDBOOKSearchResults!$A$1:$AK$100, MATCH($E88, INDEX(REDBOOKSearchResults!$A$1:$AK$100, 0, MATCH($E$1, REDBOOKSearchResults!$1:$1, 0)), 0), MATCH(F$1, REDBOOKSearchResults!$1:$1, 0)) -> 2 mg | G88: =INDEX(REDBOOKSearchResults!$A$1:$AK$100, MATCH($E88, INDEX(REDBOOKSearchResults!$A$1:$AK$100, 0, MATCH($E$1, REDBOOKSearchResults!$1:$1, 0)), 0), MATCH(G$1, REDBOOKSearchResults!$1:$1, 0)) -> 21s ea
A89: =A88 -> POMALYST | B89: 43831 | C89: 1042.2305 | D89: 6 | E89: =E88 -> 59572-0502-21 | F89: =INDEX(REDBOOKSearchResults!$A$1:$AK$100, MATCH($E89, INDEX(REDBOOKSearchResults!$A$1:$AK$100, 0, MATCH($E$1, REDBOOKSearchResults!$1:$1, 0)), 0), MATCH(F$1, REDBOOKSearchResults!$1:$1, 0)) -> 2 mg | G89: =INDEX(REDBOOKSearchResults!$A$1:$AK$100, MATCH($E89, INDEX(REDBOOKSearchResults!$A$1:$AK$100, 0, MATCH($E$1, REDBOOKSearchResults!$1:$1, 0)), 0), MATCH(G$1, REDBOOKSearchResults!$1:$1, 0)) -> 21s ea
A90: =A89 -> POMALYST | B90: 43468 | C90: 983.23619 | D90: 3.5 | E90: =E89 -> 59572-0502-21 | F90: =INDEX(REDBOOKSearchResults!$A$1:$AK$100, MATCH($E90, INDEX(REDBOOKSearchResults!$A$1:$AK$100, 0, MATCH($E$1, REDBOOKSearchResults!$1:$1, 0)), 0), MATCH(F$1, REDBOOKSearchResults!$1:$1, 0)) -> 2 mg | G90: =INDEX(REDBOOKSearchResults!$A$1:$AK$100, MATCH($E90, INDEX(REDBOOKSearchResults!$A$1:$AK$100, 0, MATCH($E$1, REDBOOKSearchResults!$1:$1, 0)), 0), MATCH(G$1, REDBOOKSearchResults!$1:$1, 0)) -> 21s ea
A91: =A90 -> POMALYST | B91: 43291 | C91: 949.98619 | D91: 5 | E91: =E90 -> 59572-0502-21 | F91: =INDEX(REDBOOKSearchResults!$A$1:$AK$100, MATCH($E91, INDEX(REDBOOKSearchResults!$A$1:$AK$100, 0, MATCH($E$1, REDBOOKSearchResults!$1:$1, 0)), 0), MATCH(F$1, REDBOOKSearchResults!$1:$1, 0)) -> 2 mg | G91: =INDEX(REDBOOKSearchResults!$A$1:$AK$100, MATCH($E91, INDEX(REDBOOKSearchResults!$A$1:$AK$100, 0, MATCH($E$1, REDBOOKSearchResults!$1:$1, 0)), 0), MATCH(G$1, REDBOOKSearchResults!$1:$1, 0)) -> 21s ea
A92: =A91 -> POMALYST | B92: 43028 | C92: 904.74857 | D92: 9 | E92: =E91 -> 59572-0502-21 | F92: =INDEX(REDBOOKSearchResults!$A$1:$AK$100, MATCH($E92, INDEX(REDBOOKSearchResults!$A$1:$AK$100, 0, MATCH($E$1, REDBOOKSearchResults!$1:$1, 0)), 0), MATCH(F$1, REDBOOKSearchResults!$1:$1, 0)) -> 2 mg | G92: =INDEX(REDBOOKSearchResults!$A$1:$AK$100, MATCH($E92, INDEX(REDBOOKSearchResults!$A$1:$AK$100, 0, MATCH($E$1, REDBOOKSearchResults!$1:$1, 0)), 0), MATCH(G$1, REDBOOKSearchResults!$1:$1, 0)) -> 21s ea
A93: =A92 -> POMALYST | B93: 42830 | C93: 830.04476 | D93: 8 | E93: =E92 -> 59572-0502-21 | F93: =INDEX(REDBOOKSearchResults!$A$1:$AK$100, MATCH($E93, INDEX(REDBOOKSearchResults!$A$1:$AK$100, 0, MATCH($E$1, REDBOOKSearchResults!$1:$1, 0)), 0), MATCH(F$1, REDBOOKSearchResults!$1:$1, 0)) -> 2 mg | G93: =INDEX(REDBOOKSearchResults!$A$1:$AK$100, MATCH($E93, INDEX(REDBOOKSearchResults!$A$1:$AK$100, 0, MATCH($E$1, REDBOOKSearchResults!$1:$1, 0)), 0), MATCH(G$1, REDBOOKSearchResults!$1:$1, 0)) -> 21s ea
A94: =A93 -> POMALYST | B94: 42602 | C94: 768.56 | D94: 3 | E94: =E93 -> 59572-0502-21 | F94: =INDEX(REDBOOKSearchResults!$A$1:$AK$100, MATCH($E94, INDEX(REDBOOKSearchResults!$A$1:$AK$100, 0, MATCH($E$1, REDBOOKSearchResults!$1:$1, 0)), 0), MATCH(F$1, REDBOOKSearchResults!$1:$1, 0)) -> 2 mg | G94: =INDEX(REDBOOKSearchResults!$A$1:$AK$100, MATCH($E94, INDEX(REDBOOKSearchResults!$A$1:$AK$100, 0, MATCH($E$1, REDBOOKSearchResults!$1:$1, 0)), 0), MATCH(G$1, REDBOOKSearchResults!$1:$1, 0)) -> 21s ea
... A101: =A100 -> POMALYST | B101: 41316 | C101: 596.88 | D101: 0 | E101: =E100 -> 59572-0502-21 | F101: =INDEX(REDBOOKSearchResults!$A$1:$AK$100, MATCH($E101, INDEX(REDBOOKSearchResults!$A$1:$AK$100, 0, MATCH($E$1, REDBOOKSearchResults!$1:$1, 0)), 0), MATCH(F$1, REDBOOKSearchResults!$1:$1, 0)) -> 2 mg | G101: =INDEX(REDBOOKSearchResults!$A$1:$AK$100, MATCH($E101, INDEX(REDBOOKSearchResults!$A$1:$AK$100, 0, MATCH($E$1, REDBOOKSearchResults!$1:$1, 0)), 0), MATCH(G$1, REDBOOKSearchResults!$1:$1, 0)) -> 21s ea
A102: =A101 -> POMALYST | B102: 46023 | C102: 1431.411 | D102: 4.5 | E102: 59572-0502-00 | F102: =INDEX(REDBOOKSearchResults!$A$1:$AK$100, MATCH($E102, INDEX(REDBOOKSearchResults!$A$1:$AK$100, 0, MATCH($E$1, REDBOOKSearchResults!$1:$1, 0)), 0), MATCH(F$1, REDBOOKSearchResults!$1:$1, 0)) -> 2 mg | G102: =INDEX(REDBOOKSearchResults!$A$1:$AK$100, MATCH($E102, INDEX(REDBOOKSearchResults!$A$1:$AK$100, 0, MATCH($E$1, REDBOOKSearchResults!$1:$1, 0)), 0), MATCH(G$1, REDBOOKSearchResults!$1:$1, 0)) -> 100s ea
A103: =A102 -> POMALYST | B103: 45658 | C103: 1369.7713 | D103: 4.5 | E103: =E102 -> 59572-0502-00 | F103: =INDEX(REDBOOKSearchResults!$A$1:$AK$100, MATCH($E103, INDEX(REDBOOKSearchResults!$A$1:$AK$100, 0, MATCH($E$1, REDBOOKSearchResults!$1:$1, 0)), 0), MATCH(F$1, REDBOOKSearchResults!$1:$1, 0)) -> 2 mg | G103: =INDEX(REDBOOKSearchResults!$A$1:$AK$100, MATCH($E103, INDEX(REDBOOKSearchResults!$A$1:$AK$100, 0, MATCH($E$1, REDBOOKSearchResults!$1:$1, 0)), 0), MATCH(G$1, REDBOOKSearchResults!$1:$1, 0)) -> 100s ea
A104: =A103 -> POMALYST | B104: 45292 | C104: 1310.7859 | D104: 6 | E104: =E103 -> 59572-0502-00 | F104: =INDEX(REDBOOKSearchResults!$A$1:$AK$100, MATCH($E104, INDEX(REDBOOKSearchResults!$A$1:$AK$100, 0, MATCH($E$1, REDBOOKSearchResults!$1:$1, 0)), 0), MATCH(F$1, REDBOOKSearchResults!$1:$1, 0)) -> 2 mg | G104: =INDEX(REDBOOKSearchResults!$A$1:$AK$100, MATCH($E104, INDEX(REDBOOKSearchResults!$A$1:$AK$100, 0, MATCH($E$1, REDBOOKSearchResults!$1:$1, 0)), 0), MATCH(G$1, REDBOOKSearchResults!$1:$1, 0)) -> 100s ea
A105: =A104 -> POMALYST | B105: 45108 | C105: 1236.5905 | D105: 2.5 | E105: =E104 -> 59572-0502-00 | F105: =INDEX(REDBOOKSearchResults!$A$1:$AK$100, MATCH($E105, INDEX(REDBOOKSearchResults!$A$1:$AK$100, 0, MATCH($E$1, REDBOOKSearchResults!$1:$1, 0)), 0), MATCH(F$1, REDBOOKSearchResults!$1:$1, 0)) -> 2 mg | G105: =INDEX(REDBOOKSearchResults!$A$1:$AK$100, MATCH($E105, INDEX(REDBOOKSearchResults!$A$1:$AK$100, 0, MATCH($E$1, REDBOOKSearchResults!$1:$1, 0)), 0), MATCH(G$1, REDBOOKSearchResults!$1:$1, 0)) -> 100s ea
A106: =A105 -> POMALYST | B106: 44927 | C106: 1206.4298 | D106: 6 | E106: =E105 -> 59572-0502-00 | F106: =INDEX(REDBOOKSearchResults!$A$1:$AK$100, MATCH($E106, INDEX(REDBOOKSearchResults!$A$1:$AK$100, 0, MATCH($E$1, REDBOOKSearchResults!$1:$1, 0)), 0), MATCH(F$1, REDBOOKSearchResults!$1:$1, 0)) -> 2 mg | G106: =INDEX(REDBOOKSearchResults!$A$1:$AK$100, MATCH($E106, INDEX(REDBOOKSearchResults!$A$1:$AK$100, 0, MATCH($E$1, REDBOOKSearchResults!$1:$1, 0)), 0), MATCH(G$1, REDBOOKSearchResults!$1:$1, 0)) -> 100s ea
A107: =A106 -> POMALYST | B107: 44562 | C107: 1138.1412 | D107: 4.5 | E107: =E106 -> 59572-0502-00 | F107: =INDEX(REDBOOKSearchResults!$A$1:$AK$100, MATCH($E107, INDEX(REDBOOKSearchResults!$A$1:$AK$100, 0, MATCH($E$1, REDBOOKSearchResults!$1:$1, 0)), 0), MATCH(F$1, REDBOOKSearchResults!$1:$1, 0)) -> 2 mg | G107: =INDEX(REDBOOKSearchResults!$A$1:$AK$100, MATCH($E107, INDEX(REDBOOKSearchResults!$A$1:$AK$100, 0, MATCH($E$1, REDBOOKSearchResults!$1:$1, 0)), 0), MATCH(G$1, REDBOOKSearchResults!$1:$1, 0)) -> 100s ea
A108: =A107 -> POMALYST | B108: 44197 | C108: 1089.1303 | D108: 4.5 | E108: =E107 -> 59572-0502-00 | F108: =INDEX(REDBOOKSearchResults!$A$1:$AK$100, MATCH($E108, INDEX(REDBOOKSearchResults!$A$1:$AK$100, 0, MATCH($E$1, REDBOOKSearchResults!$1:$1, 0)), 0), MATCH(F$1, REDBOOKSearchResults!$1:$1, 0)) -> 2 mg | G108: =INDEX(REDBOOKSearchResults!$A$1:$AK$100, MATCH($E108, INDEX(REDBOOKSearchResults!$A$1:$AK$100, 0, MATCH($E$1, REDBOOKSearchResults!$1:$1, 0)), 0), MATCH(G$1, REDBOOKSearchResults!$1:$1, 0)) -> 100s ea
A109: =A108 -> POMALYST | B109: 43831 | C109: 1042.23 | D109: 6 | E109: =E108 -> 59572-0502-00 | F109: =INDEX(REDBOOKSearchResults!$A$1:$AK$100, MATCH($E109, INDEX(REDBOOKSearchResults!$A$1:$AK$100, 0, MATCH($E$1, REDBOOKSearchResults!$1:$1, 0)), 0), MATCH(F$1, REDBOOKSearchResults!$1:$1, 0)) -> 2 mg | G109: =INDEX(REDBOOKSearchResults!$A$1:$AK$100, MATCH($E109, INDEX(REDBOOKSearchResults!$A$1:$AK$100, 0, MATCH($E$1, REDBOOKSearchResults!$1:$1, 0)), 0), MATCH(G$1, REDBOOKSearchResults!$1:$1, 0)) -> 100s ea
A110: =A109 -> POMALYST | B110: 43468 | C110: 983.2359 | D110: 3.5 | E110: =E109 -> 59572-0502-00 | F110: =INDEX(REDBOOKSearchResults!$A$1:$AK$100, MATCH($E110, INDEX(REDBOOKSearchResults!$A$1:$AK$100, 0, MATCH($E$1, REDBOOKSearchResults!$1:$1, 0)), 0), MATCH(F$1, REDBOOKSearchResults!$1:$1, 0)) -> 2 mg | G110: =INDEX(REDBOOKSearchResults!$A$1:$AK$100, MATCH($E110, INDEX(REDBOOKSearchResults!$A$1:$AK$100, 0, MATCH($E$1, REDBOOKSearchResults!$1:$1, 0)), 0), MATCH(G$1, REDBOOKSearchResults!$1:$1, 0)) -> 100s ea
A111: =A110 -> POMALYST | B111: 43291 | C111: 949.9864 | D111: 5 | E111: =E110 -> 59572-0502-00 | F111: =INDEX(REDBOOKSearchResults!$A$1:$AK$100, MATCH($E111, INDEX(REDBOOKSearchResults!$A$1:$AK$100, 0, MATCH($E$1, REDBOOKSearchResults!$1:$1, 0)), 0), MATCH(F$1, REDBOOKSearchResults!$1:$1, 0)) -> 2 mg | G111: =INDEX(REDBOOKSearchResults!$A$1:$AK$100, MATCH($E111, INDEX(REDBOOKSearchResults!$A$1:$AK$100, 0, MATCH($E$1, REDBOOKSearchResults!$1:$1, 0)), 0), MATCH(G$1, REDBOOKSearchResults!$1:$1, 0)) -> 100s ea
A112: =A111 -> POMALYST | B112: 43028 | C112: 904.7489 | D112: 9 | E112: =E111 -> 59572-0502-00 | F112: =INDEX(REDBOOKSearchResults!$A$1:$AK$100, MATCH($E112, INDEX(REDBOOKSearchResults!$A$1:$AK$100, 0, MATCH($E$1, REDBOOKSearchResults!$1:$1, 0)), 0), MATCH(F$1, REDBOOKSearchResults!$1:$1, 0)) -> 2 mg | G112: =INDEX(REDBOOKSearchResults!$A$1:$AK$100, MATCH($E112, INDEX(REDBOOKSearchResults!$A$1:$AK$100, 0, MATCH($E$1, REDBOOKSearchResults!$1:$1, 0)), 0), MATCH(G$1, REDBOOKSearchResults!$1:$1, 0)) -> 100s ea
A113: =A112 -> POMALYST | B113: 42830 | C113: 830.0448 | D113: 8 | E113: =E112 -> 59572-0502-00 | F113: =INDEX(REDBOOKSearchResults!$A$1:$AK$100, MATCH($E113, INDEX(REDBOOKSearchResults!$A$1:$AK$100, 0, MATCH($E$1, REDBOOKSearchResults!$1:$1, 0)), 0), MATCH(F$1, REDBOOKSearchResults!$1:$1, 0)) -> 2 mg | G113: =INDEX(REDBOOKSearchResults!$A$1:$AK$100, MATCH($E113, INDEX(REDBOOKSearchResults!$A$1:$AK$100, 0, MATCH($E$1, REDBOOKSearchResults!$1:$1, 0)), 0), MATCH(G$1, REDBOOKSearchResults!$1:$1, 0)) -> 100s ea
A114: =A113 -> POMALYST | B114: 42602 | C114: 768.5601 | D114: 3 | E114: =E113 -> 59572-0502-00 | F114: =INDEX(REDBOOKSearchResults!$A$1:$AK$100, MATCH($E114, INDEX(REDBOOKSearchResults!$A$1:$AK$100, 0, MATCH($E$1, REDBOOKSearchResults!$1:$1, 0)), 0), MATCH(F$1, REDBOOKSearchResults!$1:$1, 0)) -> 2 mg | G114: =INDEX(REDBOOKSearchResults!$A$1:$AK$100, MATCH($E114, INDEX(REDBOOKSearchResults!$A$1:$AK$100, 0, MATCH($E$1, REDBOOKSearchResults!$1:$1, 0)), 0), MATCH(G$1, REDBOOKSearchResults!$1:$1, 0)) -> 100s ea
... A121: =A120 -> POMALYST | B121: 41316 | C121: 596.88 | D121: 0 | E121: =E120 -> 59572-0502-00 | F121: =INDEX(REDBOOKSearchResults!$A$1:$AK$100, MATCH($E121, INDEX(REDBOOKSearchResults!$A$1:$AK$100, 0, MATCH($E$1, REDBOOKSearchResults!$1:$1, 0)), 0), MATCH(F$1, REDBOOKSearchResults!$1:$1, 0)) -> 2 mg | G121: =INDEX(REDBOOKSearchResults!$A$1:$AK$100, MATCH($E121, INDEX(REDBOOKSearchResults!$A$1:$AK$100, 0, MATCH($E$1, REDBOOKSearchResults!$1:$1, 0)), 0), MATCH(G$1, REDBOOKSearchResults!$1:$1, 0)) -> 100s ea
A122: =A121 -> POMALYST | B122: 46023 | C122: 1431.411 | D122: 4.5 | E122: 59572-0501-00 | F122: =INDEX(REDBOOKSearchResults!$A$1:$AK$100, MATCH($E122, INDEX(REDBOOKSearchResults!$A$1:$AK$100, 0, MATCH($E$1, REDBOOKSearchResults!$1:$1, 0)), 0), MATCH(F$1, REDBOOKSearchResults!$1:$1, 0)) -> 1 mg | G122: =INDEX(REDBOOKSearchResults!$A$1:$AK$100, MATCH($E122, INDEX(REDBOOKSearchResults!$A$1:$AK$100, 0, MATCH($E$1, REDBOOKSearchResults!$1:$1, 0)), 0), MATCH(G$1, REDBOOKSearchResults!$1:$1, 0)) -> 100s ea
A123: =A122 -> POMALYST | B123: 45658 | C123: 1369.7713 | D123: 4.5 | E123: =E122 -> 59572-0501-00 | F123: =INDEX(REDBOOKSearchResults!$A$1:$AK$100, MATCH($E123, INDEX(REDBOOKSearchResults!$A$1:$AK$100, 0, MATCH($E$1, REDBOOKSearchResults!$1:$1, 0)), 0), MATCH(F$1, REDBOOKSearchResults!$1:$1, 0)) -> 1 mg | G123: =INDEX(REDBOOKSearchResults!$A$1:$AK$100, MATCH($E123, INDEX(REDBOOKSearchResults!$A$1:$AK$100, 0, MATCH($E$1, REDBOOKSearchResults!$1:$1, 0)), 0), MATCH(G$1, REDBOOKSearchResults!$1:$1, 0)) -> 100s ea
A124: =A123 -> POMALYST | B124: 45292 | C124: 1310.7859 | D124: 6 | E124: =E123 -> 59572-0501-00 | F124: =INDEX(REDBOOKSearchResults!$A$1:$AK$100, MATCH($E124, INDEX(REDBOOKSearchResults!$A$1:$AK$100, 0, MATCH($E$1, REDBOOKSearchResults!$1:$1, 0)), 0), MATCH(F$1, REDBOOKSearchResults!$1:$1, 0)) -> 1 mg | G124: =INDEX(REDBOOKSearchResults!$A$1:$AK$100, MATCH($E124, INDEX(REDBOOKSearchResults!$A$1:$AK$100, 0, MATCH($E$1, REDBOOKSearchResults!$1:$1, 0)), 0), MATCH(G$1, REDBOOKSearchResults!$1:$1, 0)) -> 100s ea
A125: =A124 -> POMALYST | B125: 45108 | C125: 1236.5905 | D125: 2.5 | E125: =E124 -> 59572-0501-00 | F125: =INDEX(REDBOOKSearchResults!$A$1:$AK$100, MATCH($E125, INDEX(REDBOOKSearchResults!$A$1:$AK$100, 0, MATCH($E$1, REDBOOKSearchResults!$1:$1, 0)), 0), MATCH(F$1, REDBOOKSearchResults!$1:$1, 0)) -> 1 mg | G125: =INDEX(REDBOOKSearchResults!$A$1:$AK$100, MATCH($E125, INDEX(REDBOOKSearchResults!$A$1:$AK$100, 0, MATCH($E$1, REDBOOKSearchResults!$1:$1, 0)), 0), MATCH(G$1, REDBOOKSearchResults!$1:$1, 0)) -> 100s ea
A126: =A125 -> POMALYST | B126: 44927 | C126: 1206.4298 | D126: 6 | E126: =E125 -> 59572-0501-00 | F126: =INDEX(REDBOOKSearchResults!$A$1:$AK$100, MATCH($E126, INDEX(REDBOOKSearchResults!$A$1:$AK$100, 0, MATCH($E$1, REDBOOKSearchResults!$1:$1, 0)), 0), MATCH(F$1, REDBOOKSearchResults!$1:$1, 0)) -> 1 mg | G126: =INDEX(REDBOOKSearchResults!$A$1:$AK$100, MATCH($E126, INDEX(REDBOOKSearchResults!$A$1:$AK$100, 0, MATCH($E$1, REDBOOKSearchResults!$1:$1, 0)), 0), MATCH(G$1, REDBOOKSearchResults!$1:$1, 0)) -> 100s ea
A127: =A126 -> POMALYST | B127: 44562 | C127: 1138.1412 | D127: 4.5 | E127: =E126 -> 59572-0501-00 | F127: =INDEX(REDBOOKSearchResults!$A$1:$AK$100, MATCH($E127, INDEX(REDBOOKSearchResults!$A$1:$AK$100, 0, MATCH($E$1, REDBOOKSearchResults!$1:$1, 0)), 0), MATCH(F$1, REDBOOKSearchResults!$1:$1, 0)) -> 1 mg | G127: =INDEX(REDBOOKSearchResults!$A$1:$AK$100, MATCH($E127, INDEX(REDBOOKSearchResults!$A$1:$AK$100, 0, MATCH($E$1, REDBOOKSearchResults!$1:$1, 0)), 0), MATCH(G$1, REDBOOKSearchResults!$1:$1, 0)) -> 100s ea
A128: =A127 -> POMALYST | B128: 44197 | C128: 1089.1303 | D128: 4.5 | E128: =E127 -> 59572-0501-00 | F128: =INDEX(REDBOOKSearchResults!$A$1:$AK$100, MATCH($E128, INDEX(REDBOOKSearchResults!$A$1:$AK$100, 0, MATCH($E$1, REDBOOKSearchResults!$1:$1, 0)), 0), MATCH(F$1, REDBOOKSearchResults!$1:$1, 0)) -> 1 mg | G128: =INDEX(REDBOOKSearchResults!$A$1:$AK$100, MATCH($E128, INDEX(REDBOOKSearchResults!$A$1:$AK$100, 0, MATCH($E$1, REDBOOKSearchResults!$1:$1, 0)), 0), MATCH(G$1, REDBOOKSearchResults!$1:$1, 0)) -> 100s ea
A129: =A128 -> POMALYST | B129: 43831 | C129: 1042.23 | D129: 6 | E129: =E128 -> 59572-0501-00 | F129: =INDEX(REDBOOKSearchResults!$A$1:$AK$100, MATCH($E129, INDEX(REDBOOKSearchResults!$A$1:$AK$100, 0, MATCH($E$1, REDBOOKSearchResults!$1:$1, 0)), 0), MATCH(F$1, REDBOOKSearchResults!$1:$1, 0)) -> 1 mg | G129: =INDEX(REDBOOKSearchResults!$A$1:$AK$100, MATCH($E129, INDEX(REDBOOKSearchResults!$A$1:$AK$100, 0, MATCH($E$1, REDBOOKSearchResults!$1:$1, 0)), 0), MATCH(G$1, REDBOOKSearchResults!$1:$1, 0)) -> 100s ea
A130: =A129 -> POMALYST | B130: 43468 | C130: 983.2359 | D130: 3.5 | E130: =E129 -> 59572-0501-00 | F130: =INDEX(REDBOOKSearchResults!$A$1:$AK$100, MATCH($E130, INDEX(REDBOOKSearchResults!$A$1:$AK$100, 0, MATCH($E$1, REDBOOKSearchResults!$1:$1, 0)), 0), MATCH(F$1, REDBOOKSearchResults!$1:$1, 0)) -> 1 mg | G130: =INDEX(REDBOOKSearchResults!$A$1:$AK$100, MATCH($E130, INDEX(REDBOOKSearchResults!$A$1:$AK$100, 0, MATCH($E$1, REDBOOKSearchResults!$1:$1, 0)), 0), MATCH(G$1, REDBOOKSearchResults!$1:$1, 0)) -> 100s ea
A131: =A130 -> POMALYST | B131: 43291 | C131: 949.9864 | D131: 5 | E131: =E130 -> 59572-0501-00 | F131: =INDEX(REDBOOKSearchResults!$A$1:$AK$100, MATCH($E131, INDEX(REDBOOKSearchResults!$A$1:$AK$100, 0, MATCH($E$1, REDBOOKSearchResults!$1:$1, 0)), 0), MATCH(F$1, REDBOOKSearchResults!$1:$1, 0)) -> 1 mg | G131: =INDEX(REDBOOKSearchResults!$A$1:$AK$100, MATCH($E131, INDEX(REDBOOKSearchResults!$A$1:$AK$100, 0, MATCH($E$1, REDBOOKSearchResults!$1:$1, 0)), 0), MATCH(G$1, REDBOOKSearchResults!$1:$1, 0)) -> 100s ea
A132: =A131 -> POMALYST | B132: 43028 | C132: 904.7489 | D132: 9 | E132: =E131 -> 59572-0501-00 | F132: =INDEX(REDBOOKSearchResults!$A$1:$AK$100, MATCH($E132, INDEX(REDBOOKSearchResults!$A$1:$AK$100, 0, MATCH($E$1, REDBOOKSearchResults!$1:$1, 0)), 0), MATCH(F$1, REDBOOKSearchResults!$1:$1, 0)) -> 1 mg | G132: =INDEX(REDBOOKSearchResults!$A$1:$AK$100, MATCH($E132, INDEX(REDBOOKSearchResults!$A$1:$AK$100, 0, MATCH($E$1, REDBOOKSearchResults!$1:$1, 0)), 0), MATCH(G$1, REDBOOKSearchResults!$1:$1, 0)) -> 100s ea
A133: =A132 -> POMALYST | B133: 42830 | C133: 830.0448 | D133: 8 | E133: =E132 -> 59572-0501-00 | F133: =INDEX(REDBOOKSearchResults!$A$1:$AK$100, MATCH($E133, INDEX(REDBOOKSearchResults!$A$1:$AK$100, 0, MATCH($E$1, REDBOOKSearchResults!$1:$1, 0)), 0), MATCH(F$1, REDBOOKSearchResults!$1:$1, 0)) -> 1 mg | G133: =INDEX(REDBOOKSearchResults!$A$1:$AK$100, MATCH($E133, INDEX(REDBOOKSearchResults!$A$1:$AK$100, 0, MATCH($E$1, REDBOOKSearchResults!$1:$1, 0)), 0), MATCH(G$1, REDBOOKSearchResults!$1:$1, 0)) -> 100s ea
A134: =A133 -> POMALYST | B134: 42602 | C134: 768.5601 | D134: 3 | E134: =E133 -> 59572-0501-00 | F134: =INDEX(REDBOOKSearchResults!$A$1:$AK$100, MATCH($E134, INDEX(REDBOOKSearchResults!$A$1:$AK$100, 0, MATCH($E$1, REDBOOKSearchResults!$1:$1, 0)), 0), MATCH(F$1, REDBOOKSearchResults!$1:$1, 0)) -> 1 mg | G134: =INDEX(REDBOOKSearchResults!$A$1:$AK$100, MATCH($E134, INDEX(REDBOOKSearchResults!$A$1:$AK$100, 0, MATCH($E$1, REDBOOKSearchResults!$1:$1, 0)), 0), MATCH(G$1, REDBOOKSearchResults!$1:$1, 0)) -> 100s ea
... A141: =A140 -> POMALYST | B141: 41316 | C141: 596.88 | D141: 0 | E141: =E140 -> 59572-0501-00 | F141: =INDEX(REDBOOKSearchResults!$A$1:$AK$100, MATCH($E141, INDEX(REDBOOKSearchResults!$A$1:$AK$100, 0, MATCH($E$1, REDBOOKSearchResults!$1:$1, 0)), 0), MATCH(F$1, REDBOOKSearchResults!$1:$1, 0)) -> 1 mg | G141: =INDEX(REDBOOKSearchResults!$A$1:$AK$100, MATCH($E141, INDEX(REDBOOKSearchResults!$A$1:$AK$100, 0, MATCH($E$1, REDBOOKSearchResults!$1:$1, 0)), 0), MATCH(G$1, REDBOOKSearchResults!$1:$1, 0)) -> 100s ea
A142: =A141 -> POMALYST | B142: 46023 | C142: 1431.4114 | D142: 4.5 | E142: 59572-0501-21 | F142: =INDEX(REDBOOKSearchResults!$A$1:$AK$100, MATCH($E142, INDEX(REDBOOKSearchResults!$A$1:$AK$100, 0, MATCH($E$1, REDBOOKSearchResults!$1:$1, 0)), 0), MATCH(F$1, REDBOOKSearchResults!$1:$1, 0)) -> 1 mg | G142: =INDEX(REDBOOKSearchResults!$A$1:$AK$100, MATCH($E142, INDEX(REDBOOKSearchResults!$A$1:$AK$100, 0, MATCH($E$1, REDBOOKSearchResults!$1:$1, 0)), 0), MATCH(G$1, REDBOOKSearchResults!$1:$1, 0)) -> 21s ea
...
